{   "name": "Memory Lane",

	"gameMode": "SingleHero",
	"description": "templates_description_memory_lane",
    "displayWinCondition": "win_condition_1",

	"sizeX": 96,
	"sizeZ": 96,

	
	"gameRules":
	{
		"heroCountMin": 1,
		"heroCountMax": 1,
		"heroCountIncrement": 1,
		"heroHireBan": false,
		"encounterHoles": false,
		"winConditions":
		{
			"classic" : true,
			"desertion" : true,
			"heroLighting" : true,
			"lostStartCity" : false,
			"lostStartHero" : false
		}
	},
	
	"variants":
	[
		{
			"orientation":
			{
				"mode": "MinimalBoundingSquare"
			},
		"zones": 
		[
			{
			  "name": "Spawn-A",

			  "size": 1.0,
			  "layout": "zone_layout_spawns",

			  "guardCutoffValue": 1500,
			  "guardRandomization": 0.05,
			  "guardMultiplier": 0.7,
			  "guardWeeklyIncrement": 0.20,
			  "guardReactionDistribution": [2, 2, 1, 1, 0, 0],

			  "mainObjects": [
				{
				  "type": "Spawn",
				  "spawn": "Player1",
				  "placement": "Center",
				  "guardValue": 2000,
				  "buildingsConstructionSid": "default_buildings_construction",
				  "factions": []
				},
				{
				  "type": "City",
				  "guardChance": 1.0,
				  "guardValue": 2000,
				  "guardWeeklyIncrement": 0.10,
				  "buildingsConstructionSid": "poor_buildings_construction",
				  "placement": "Uniform",
				  "faction": { "type": "Match", "args": [ "0" ] },
				  "placementArgs": ["true", "-0.3", "0"]
				}
			  ],

			  "zoneBiome": { "type": "MatchMainObject", "args": ["0"] },
			  "contentBiome": { "type": "MatchMainObject", "args": ["0"] },
			  "metaObjectsBiome": { "type": "MatchMainObject", "args": ["0"] },
			  "crossroadsPosition": -0.3,

			  "roads": [
				{
				  "type": "Stone",
				  "from": { "type": "MainObject", "args": ["0"] },
				  "to": { "type": "Connection", "args": ["Spawn-A-to-Treasure-1"] }
				},
				{
				  "type": "Stone",
				  "from": { "type": "MainObject", "args": ["0"] },
				  "to": { "type": "MainObject", "args": ["1"] }
				},
				{
				  "type": "Dirt",
				  "rules":  [ { "type": "Stone", "args": [ ], "targetMin": 0.6, "targetMax": 0.8 } ],
				  "from": { "type": "MainObject", "args": ["0"] },
				  "to": { "type": "Connection", "args": [ "Alt-Spawn-A-to-Treasure-1" ]  }
				}
				
				
			  ],

			  "guardedContentPool": ["template_pool_helltide_guarded_start_zone"],
			  "unguardedContentPool": ["template_pool_helltide_unguarded_start_zone"],
			  "resourcesContentPool": ["content_pool_general_resources_start_zone_very_poor"],

			  "mandatoryContent": ["mandatory_content_spawn"],
			  "contentCountLimits": ["content_limits_spawn"],

			  "guardedContentValue": 175000,
			  "guardedContentValuePerArea": 17500,
			  "unguardedContentValue": 10000,
			  "unguardedContentValuePerArea": 1500,
			  "resourcesValue": 10000,
			  "resourcesValuePerArea": 1000
			},
			{
			  "name": "Spawn-B",

			  "size": 1.0,
			  "layout": "zone_layout_spawns",

			  "guardCutoffValue": 1500,
			  "guardRandomization": 0.05,
			  "guardMultiplier": 0.7,
			  "guardWeeklyIncrement": 0.20,
			  "guardReactionDistribution": [2, 2, 1, 1, 0, 0],

			  "mainObjects": [
				{
				  "type": "Spawn",
				  "spawn": "Player2",
				  "placement": "Center",
				  "guardValue": 2500,
				  "removeGuardIfHasOwner": true,
				  "buildingsConstructionSid": "default_buildings_construction",
				  "factions": []
				},
				{
				  "type": "City",
				  "guardChance": 1.0,
				  "guardValue": 2000,
				  "guardWeeklyIncrement": 0.10,
				  "buildingsConstructionSid": "default_buildings_construction",
				  "placement": "Uniform",
				  "faction": { "type": "Match", "args": [ "0" ] },
				  "placementArgs": ["true", "-0.3", "0"]
				}

			  ],

			  "zoneBiome": { "type": "MatchMainObject", "args": ["0"] },
			  "contentBiome": { "type": "MatchMainObject", "args": ["0"] },
			  "metaObjectsBiome": { "type": "MatchMainObject", "args": ["0"] },
			  "crossroadsPosition": -0.3,

			  "roads": [
				  {
					"type": "Stone",
					"from": { "type": "MainObject", "args": ["0"] },
					"to":   { "type": "MainObject", "args": ["1"] }
				  },
				  {
					"type": "Stone",
					"from": { "type": "MainObject", "args": ["1"] },
					"to":   { "type": "Connection", "args": ["Spawn-B-to-Treasure-1"] }
				  },
				  {
				  "type": "Dirt",
				  "rules":  [ { "type": "Stone", "args": [ ], "targetMin": 0.6, "targetMax": 0.8 } ],
				  "from": { "type": "MainObject", "args": ["0"] },
				  "to": { "type": "Connection", "args": [ "Alt-Spawn-B-to-Treasure-1" ]  }
				  }
				  
				  
				],

			  "guardedContentPool": ["template_pool_helltide_guarded_start_zone"],
			  "unguardedContentPool": ["template_pool_helltide_unguarded_start_zone"],
			  "resourcesContentPool": ["content_pool_general_resources_start_zone_very_poor"],

			  "mandatoryContent": ["mandatory_content_spawn"],
			  "contentCountLimits": ["content_limits_spawn"],

			  "guardedContentValue": 200000,
			  "guardedContentValuePerArea": 20000,
			  "unguardedContentValue": 15000,
			  "unguardedContentValuePerArea": 2000,
			  "resourcesValue": 11000,
			  "resourcesValuePerArea": 1100
			},
			
			
			{
			  "name": "Spawn-C",

			  "size": 1.0,
			  "layout": "zone_layout_spawns",

			  "guardCutoffValue": 1500,
			  "guardRandomization": 0.05,
			  "guardMultiplier": 0.7,
			  "guardWeeklyIncrement": 0.20,
			  "guardReactionDistribution": [2, 2, 1, 1, 0, 0],

			  "mainObjects": [
				{
				  "type": "Spawn",
				  "spawn": "Player3",
				  "placement": "Center",
				  "guardValue": 3500,
				  "removeGuardIfHasOwner": true,
				  "buildingsConstructionSid": "default_buildings_construction",
				  "placement": "Uniform",
				  "factions": []
				},
				{
				  "type": "City",
				  "guardChance": 1.0,
				  "guardValue": 2000,
				  "guardWeeklyIncrement": 0.10,
				  "buildingsConstructionSid": "default_buildings_construction",
				  "placement": "Uniform",
				  "faction": { "type": "Match", "args": [ "0" ] },
				  "placementArgs": ["true", "-0.3", "0"]
				},
				{
				  "type": "City",
				  "guardChance": 1.0,
				  "guardValue": 3000,
				  "guardWeeklyIncrement": 0.20,
				  "buildingsConstructionSid": "default_buildings_construction",
				  "placement": "Uniform",
				  "faction": { "type": "Match", "args": [ "0" ] },
				  "placementArgs": [ "true", "-0.3", "0" ]
				}
			  ],

			  "zoneBiome": { "type": "MatchMainObject", "args": ["0"] },
			  "contentBiome": { "type": "MatchMainObject", "args": ["0"] },
			  "metaObjectsBiome": { "type": "MatchMainObject", "args": ["0"] },
			  "crossroadsPosition": -0.3,

			  "roads": [
				  { "type": "Stone", "from": { "type": "MainObject", "args": ["0"] }, "to": { "type": "MainObject", "args": ["1"] } },
				  { "type": "Stone", "from": { "type": "MainObject", "args": ["1"] }, "to": { "type": "MainObject", "args": ["2"] } },
				  
				  
				  

				  { "type": "Stone", "from": { "type": "MainObject", "args": ["1"] }, "to": { "type": "Connection", "args": ["Spawn-C-to-Treasure-2"] } },
				  {
				    "type": "Dirt",
					"rules":  [ { "type": "Stone", "args": [ ], "targetMin": 0.6, "targetMax": 0.8 } ],
				    "from": { "type": "MainObject", "args": ["0"] },
				    "to": { "type": "Connection", "args": [ "Alt-Spawn-C-to-Treasure-2" ]  }
				  }
				],


			  "guardedContentPool": ["template_pool_helltide_guarded_start_zone"],
			  "unguardedContentPool": ["template_pool_helltide_unguarded_start_zone"],
			  "resourcesContentPool": ["content_pool_general_resources_start_zone_very_poor"],

			  "mandatoryContent": ["mandatory_content_spawn"],
			  "contentCountLimits": ["content_limits_spawn"],

			  "guardedContentValue": 250000,
			  "guardedContentValuePerArea": 25000,
			  "unguardedContentValue": 23000,
			  "unguardedContentValuePerArea": 3000,
			  "resourcesValue": 12000,
			  "resourcesValuePerArea": 1200
			},
			{
			  "name": "Spawn-D",

			  "size": 1.1,
			  "layout": "zone_layout_spawns",

			  "guardCutoffValue": 1500,
			  "guardRandomization": 0.05,
			  "guardMultiplier": 0.7,
			  "guardWeeklyIncrement": 0.20,
			  "guardReactionDistribution": [2, 2, 1, 1, 0, 0],

			  "mainObjects": [
				{
				  "type": "Spawn",
				  "spawn": "Player4",
				  "placement": "Center",
				  "guardValue": 6000,
				  "removeGuardIfHasOwner": true,
				  "buildingsConstructionSid": "extra_rich_buildings_construction",
				  "factions": []
				},
				{
				  "type": "City",
				  "guardChance": 1.0,
				  "guardValue": 2000,
				  "guardWeeklyIncrement": 0.10,
				  "buildingsConstructionSid": "extra_rich_buildings_construction",
				  "placement": "Uniform",
				  "faction": { "type": "Match", "args": [ "0" ] },
				  "placementArgs": [ "true", "-0.3", "0" ]
				},
								{
				  "type": "City",
				  "guardChance": 1.0,
				  "guardValue": 3000,
				  "guardWeeklyIncrement": 0.20,
				  "buildingsConstructionSid": "extra_rich_buildings_construction",
				  "placement": "Uniform",
				  "faction": { "type": "Match", "args": [ "0" ] },
				  "placementArgs": [ "true", "-0.3", "0" ]
				}
				
				
			  ],

			  "zoneBiome": { "type": "MatchMainObject", "args": ["0"] },
			  "contentBiome": { "type": "MatchMainObject", "args": ["0"] },
			  "metaObjectsBiome": { "type": "MatchMainObject", "args": ["0"] },
			  "crossroadsPosition": -0.3,

			  "roads": [
				  { 
					"type": "Stone", 
					"from": { "type": "MainObject", "args": ["0"] }, 
					"to": { "type": "MainObject", "args": ["1"] } 
				  },
				  { 
					"type": "Stone",
					"from": { "type": "MainObject", "args": ["1"] }, 
					"to": { "type": "MainObject", "args": ["2"] } 
				  },
				  { 
					"type": "Stone", 
					"from": { "type": "MainObject", "args": ["1"] }, 
					"to": { "type": "Connection", "args": ["Spawn-D-to-Treasure-3"] }
				  },
				  
				  { 
					"type": "Stone", 
					"from": { "type": "MainObject", "args": ["2"] }, 
					"to": { "type": "Connection", "args": ["Spawn-D-to-Treasure-4"] }
				  },
				  {
				    "type": "Dirt",
					"rules":  [ { "type": "Stone", "args": [ ], "targetMin": 0.6, "targetMax": 0.8 } ],
				    "from": { "type": "MainObject", "args": ["0"] },
				    "to": { "type": "Connection", "args": [ "Alt-Spawn-D-to-Treasure-3" ]  }
				  }
				],

			  "guardedContentPool": ["template_pool_helltide_guarded_start_zone"],
			  "unguardedContentPool": ["template_pool_helltide_unguarded_start_zone"],
			  "resourcesContentPool": ["content_pool_general_resources_start_zone_very_poor"],

			  "mandatoryContent": ["mandatory_content_spawn"],
			  "contentCountLimits": ["content_limits_spawn"],

			  "guardedContentValue": 300000,
			  "guardedContentValuePerArea": 30000,
			  "unguardedContentValue": 33000,
			  "unguardedContentValuePerArea": 4000,
			  "resourcesValue": 15000,
			  "resourcesValuePerArea":1500
			},
			{
			  "name": "Treasure-1",

			  "size": 1.0,
			  "layout": "zone_layout_sides",

			  "guardCutoffValue": 1800,
			  "guardRandomization": 0.05,
			  "guardWeeklyIncrement": 0.30,
			  "guardReactionDistribution": [2, 2, 1, 1, 0, 0],

			  "mainObjects": [
				{
				  "type": "AbandonedOutpost",
				  "guardValue": 5000,
				  "guardWeeklyIncrement": 0.20,
				  "buildingsConstructionSid": "rich_buildings_construction",
				  "placement": "Uniform"		
				}
			  ],

			  "zoneBiome": { "type": "MatchMainObject", "args": ["0"] },
			  "contentBiome": { "type": "MatchMainObject", "args": ["0"] },
			  "metaObjectsBiome": { "type": "MatchMainObject", "args": ["0"] },
			  "crossroadsPosition": 0.3,

			  "roads": [
				  {
					"type": "Stone",
					"from": { "type": "MainObject", "args": ["0"] },
					"to": { "type": "Connection", "args": ["Spawn-A-to-Treasure-1"] }
				  },
				  {
					"type": "Stone",
					"from": { "type": "MainObject", "args": ["0"] },
					"to": { "type": "Connection", "args": ["Spawn-B-to-Treasure-1"] }
				  },
				  
				  {
					"type": "Stone",
					"from": { "type": "MainObject", "args": ["0"] },
					"to": { "type": "Connection", "args": ["Treasure-1-to-Treasure-2"] }
				  },
				  {
				    "type": "Dirt",
					"rules":  [ { "type": "Stone", "args": [ ], "targetMin": 0.6, "targetMax": 0.8 } ],
				    "from": { "type": "MainObject", "args": ["0"] },
				    "to": { "type": "Connection", "args": [ "Alt-Spawn-A-to-Treasure-1" ]  }
				  },
				  {
				    "type": "Dirt",
					"rules":  [ { "type": "Stone", "args": [ ], "targetMin": 0.6, "targetMax": 0.8 } ],
				    "from": { "type": "MainObject", "args": ["0"] },
				    "to": { "type": "Connection", "args": [ "Alt-Spawn-B-to-Treasure-1" ]  }
				  },
				  {
				    "type": "Dirt",
					"rules":  [ { "type": "Stone", "args": [ ], "targetMin": 0.6, "targetMax": 0.8 } ],
				    "from": { "type": "MainObject", "args": ["0"] },
				    "to": { "type": "Connection", "args": [ "Alt-Treasure-1-to-Treasure-2" ]  }
				  }
				],

			  "guardedContentPool": ["template_pool_crossroads_guarded_treasure_zone"],
			  "unguardedContentPool": ["template_pool_crossroads_unguarded_treasure_zone"],
			  "resourcesContentPool": ["content_pool_general_resources_treasure_zone_poor"],

			  "mandatoryContent": ["mandatory_content_treasure_1"],
			  "contentCountLimits": ["content_limits_treasure_1"],

			  "guardedContentValue": 300000,
			  "guardedContentValuePerArea": 30000,
			  "unguardedContentValue": 30000,
			  "unguardedContentValuePerArea": 4000,
			  "resourcesValue": 10000,
			  "resourcesValuePerArea": 1500
			},
			{
			  "name": "Treasure-2",

			  "size": 1.0,
			  "layout": "zone_layout_sides",

			  "guardCutoffValue": 1800,
			  "guardRandomization": 0.05,
			  "guardWeeklyIncrement": 0.35,
			  "guardReactionDistribution": [2, 2, 1, 1, 0, 0],

			  "mainObjects": [
				{
				  "type": "AbandonedOutpost",
				  "guardValue": 8000,
				  "guardWeeklyIncrement": 0.30,
				  "buildingsConstructionSid": "rich_buildings_construction",
				  "placement": "Uniform"
				}
			  ],

			  "zoneBiome": { "type": "FromList", "args": ["Autumn"] },
			  "contentBiome": { "type": "FromList", "args": ["Autumn"] },
			  "metaObjectsBiome": { "type": "FromList", "args": ["Autumn"] },
			  "crossroadsPosition": 0.5,

			  "roads": [
				  {
					"type": "Stone",
					"from": { "type": "MainObject", "args": ["0"] },
					"to": { "type": "Connection", "args": ["Spawn-C-to-Treasure-2"] }
				  },
				  {
					"type": "Stone",
					"from": { "type": "MainObject", "args": ["0"] },
					"to": { "type": "Connection", "args": ["Treasure-1-to-Treasure-2"] }
				  },
				  
				  {
					"type": "Stone",
					"from": { "type": "MainObject", "args": ["0"] },
					"to": { "type": "Connection", "args": ["Treasure-2-to-Treasure-3"] }
				  },
				  
				  {
				    "type": "Dirt",
					"rules":  [ { "type": "Stone", "args": [ ], "targetMin": 0.6, "targetMax": 0.8 } ],
				    "from": { "type": "MainObject", "args": ["0"] },
				    "to": { "type": "Connection", "args": [ "Alt-Treasure-2-to-Treasure-3" ]  }
				  },
				  {
				    "type": "Dirt",
					"rules":  [ { "type": "Stone", "args": [ ], "targetMin": 0.6, "targetMax": 0.8 } ],
				    "from": { "type": "MainObject", "args": ["0"] },
				    "to": { "type": "Connection", "args": [ "Alt-Spawn-C-to-Treasure-2" ]  }
				  },
				  {
				    "type": "Dirt",
					"rules":  [ { "type": "Stone", "args": [ ], "targetMin": 0.6, "targetMax": 0.8 } ],
				    "from": { "type": "MainObject", "args": ["0"] },
				    "to": { "type": "Connection", "args": [ "Alt-Treasure-1-to-Treasure-2" ]  }
				  }
				  
				  
				],

			  "guardedContentPool": ["template_pool_crossroads_guarded_treasure_zone"],
			  "unguardedContentPool": ["template_pool_crossroads_unguarded_treasure_zone"],
			  "resourcesContentPool": ["content_pool_general_resources_treasure_zone_poor"],

			  "mandatoryContent": ["mandatory_content_treasure_2"],
			  "contentCountLimits": ["content_limits_treasure"],

			  "guardedContentValue": 400000,
			  "guardedContentValuePerArea": 40000,
			  "unguardedContentValue": 45000,
			  "unguardedContentValuePerArea": 6000,
			  "resourcesValue": 10000,
			  "resourcesValuePerArea": 1500
			},
			{
			  "name": "Treasure-3",

			  "size": 1.1,
			  "layout": "zone_layout_sides",

			  "guardCutoffValue": 1800,
			  "guardRandomization": 0.05,
			  "guardWeeklyIncrement": 0.40,
			  "guardReactionDistribution": [2, 2, 1, 1, 0, 0],

			  "mainObjects": [
				{
				  "type": "AbandonedOutpost",
				  "guardValue": 12000,
				  "guardWeeklyIncrement": 0.40,
				  "buildingsConstructionSid": "rich_buildings_construction",
				  "placement": "Uniform"
				}
			  ],

			  "zoneBiome": { "type": "FromList", "args": ["Lava"] },
			  "contentBiome": { "type": "FromList", "args": ["Lava"] },
			  "metaObjectsBiome": { "type": "FromList", "args": ["Lava"] },
			  "crossroadsPosition": 0.4,

			  "roads": [
				  {
					"type": "Stone",
					"from": { "type": "MainObject", "args": ["0"] },
					"to": { "type": "Connection", "args": ["Spawn-C-to-Treasure-3"] }
				  },
				  {
					"type": "Stone",
					"from": { "type": "MainObject", "args": ["0"] },
					"to": { "type": "Connection", "args": ["Treasure-2-to-Treasure-3"] }
				  },
				  
				  {
					"type": "Stone",
					"from": { "type": "MainObject", "args": ["0"] },
					"to": { "type": "Connection", "args": ["Treasure-3-to-Treasure-4"] }
				  },
				  {
				    "type": "Dirt",
					"rules":  [ { "type": "Stone", "args": [ ], "targetMin": 0.6, "targetMax": 0.8 } ],
				    "from": { "type": "MainObject", "args": ["0"] },
				    "to": { "type": "Connection", "args": [ "Alt-Treasure-2-to-Treasure-3" ]  }
				  },
				  {
				    "type": "Dirt",
					"rules":  [ { "type": "Stone", "args": [ ], "targetMin": 0.6, "targetMax": 0.8 } ],
				    "from": { "type": "MainObject", "args": ["0"] },
				    "to": { "type": "Connection", "args": [ "Alt-Treasure-3-to-Treasure-4" ]  }
				  },
				  {
				    "type": "Dirt",
					"rules":  [ { "type": "Stone", "args": [ ], "targetMin": 0.6, "targetMax": 0.8 } ],
				    "from": { "type": "MainObject", "args": ["0"] },
				    "to": { "type": "Connection", "args": [ "Alt-Spawn-D-to-Treasure-3" ]  }
				  },
				  {
				    "type": "Dirt",
					"rules":  [ { "type": "Stone", "args": [ ], "targetMin": 0.6, "targetMax": 0.8 } ],
				    "from": { "type": "MainObject", "args": ["0"] },
				    "to": { "type": "Connection", "args": [ "Alt-Spawn-C-to-Treasure-3" ]  }
				  }
				],

			  "guardedContentPool": ["template_pool_crossroads_guarded_treasure_zone"],
			  "unguardedContentPool": ["template_pool_crossroads_unguarded_treasure_zone"],
			  "resourcesContentPool": ["content_pool_general_resources_treasure_zone_poor"],

			  "mandatoryContent": ["mandatory_content_treasure_3"],
			  "contentCountLimits": ["content_limits_treasure"],

			  "guardedContentValue": 500000,
			  "guardedContentValuePerArea": 50000,
			  "unguardedContentValue": 60000,
			  "unguardedContentValuePerArea": 8000,
			  "resourcesValue": 10000,
			  "resourcesValuePerArea": 1500
			},
			{
			  "name": "Treasure-4",

			  "size": 1.1,
			  "layout": "zone_layout_center",

			  "guardCutoffValue": 2000,
			  "guardRandomization": 0.1,
			  "guardWeeklyIncrement": 0.40,
			  "guardReactionDistribution": [2, 2, 1, 1, 0, 0],

			  "mainObjects": [
				{
				  "type": "AbandonedOutpost",
				  "guardValue": 18000,
				  "guardWeeklyIncrement": 0.40,
				  "buildingsConstructionSid": "rich_buildings_construction",
				  "placement": "Uniform"
				}
			  ],

			  "zoneBiome": { "type": "FromList", "args": [ "Sand" ] },
			  "contentBiome":{ "type": "FromList", "args": ["Grass","Lava", "Snow", "Dirt", "Deathland", "Autumn"] },
			  "metaObjectsBiome": { "type": "FromList", "args": ["Grass","Lava", "Snow", "Dirt", "Deathland", "Autumn"] },
			  "crossroadsPosition": 0.5,

			  "roads": [
				  				  {
					"type": "Stone",
					"from": { "type": "MainObject", "args": ["0"] },
					"to": { "type": "Connection", "args": ["Spawn-D-to-Treasure-4"] }
				  },
				  

				  {
					"type": "Stone",
					"from": { "type": "MainObject", "args": ["0"] },
					"to": { "type": "Connection", "args": ["Treasure-3-to-Treasure-4"] }
				  },
				  {
					"type": "Dirt",
					"rules":  [ { "type": "Stone", "args": [ ], "targetMin": 0.6, "targetMax": 0.8 } ],
					"from": { "type": "MainObject", "args": ["0"] },
					"to": { "type": "Connection", "args": ["Alt-Treasure-3-to-Treasure-4"] }
				  }
				],
			  "guardedContentPool": ["template_pool_crossroads_guarded_supertreasure_zone"],
			  "unguardedContentPool": ["template_pool_crossroads_unguarded_treasure_zone"],
			  "resourcesContentPool": ["content_pool_general_resources_treasure_zone_poor"],

			  "mandatoryContent": ["mandatory_content_supertreasure"],
			  "contentCountLimits": ["content_limits_treasure"],

			  "guardedContentValue": 800000,
			  "guardedContentValuePerArea": 80000,
			  "unguardedContentValue": 75000,
			  "unguardedContentValuePerArea": 10000,
			  "resourcesValue": 10000,
			  "resourcesValuePerArea": 1500
			}
	],

	"connections": [
		{
		  "name": "Spawn-A-to-Treasure-1",
		  "from": "Spawn-A",
		  "to": "Treasure-1",
		  "connectionType": "Direct",
		  "road": true,
		  "guardEscape": false,
		  "guardValue": 3000,
		  "guardWeeklyIncrement": 0.2
		},
		{
		  "name": "Alt-Spawn-A-to-Treasure-1",
		  "from": "Spawn-A",
		  "to": "Treasure-1",
		  "connectionType": "Direct",
		  "road": true,
		  "guardEscape": false,
		  "guardValue": 5000,
		  "rules": [
				  {
					"type": "connection",
					"args": [ "Spawn-A-to-Treasure-1" ],
					"targetMin": 0.5,
					"targetMax": 0.7
				  }
				],
		  "guardWeeklyIncrement": 0.2
		},
		{
		  "name": "Spawn-B-to-Treasure-1",
		  "from": "Spawn-B",
		  "to": "Treasure-1",
		  "connectionType": "Direct",
		  "road": true,
		  "guardEscape": false,
		  "guardValue": 3000,
		  "guardWeeklyIncrement": 0.2
		},
		{
		  "name": "Alt-Spawn-B-to-Treasure-1",
		  "from": "Spawn-B",
		  "to": "Treasure-1",
		  "connectionType": "Direct",
		  "road": true,
		  "guardEscape": false,
		  "guardValue": 5000,
		  "rules": [
				  {
					"type": "connection",
					"args": [ "Spawn-B-to-Treasure-1" ],
					"targetMin": 0.5,
					"targetMax": 0.7
				  }
				],
		  "guardWeeklyIncrement": 0.2
		},
		{
		  "name": "Spawn-C-to-Treasure-2",
		  "from": "Spawn-C",
		  "to": "Treasure-2",
		  "connectionType": "Direct",
		  "road": true,
		  "guardEscape": false,
		  "guardValue": 12000,
		  "guardWeeklyIncrement": 0.25
		},
		{
		  "name": "Alt-Spawn-C-to-Treasure-2",
		  "from": "Spawn-C",
		  "to": "Treasure-2",
		  "connectionType": "Direct",
		  "road": true,
		  "guardEscape": false,
		  "guardValue": 15000,
		  "rules": [
				  {
					"type": "connection",
					"args": [ "Spawn-C-to-Treasure-2" ],
					"targetMin": 0.5,
					"targetMax": 0.7
				  }
				],
		  "guardWeeklyIncrement": 0.25
		},
		{
		  "name": "Spawn-D-to-Treasure-3",
		  "from": "Spawn-D",
		  "to": "Treasure-3",
		  "connectionType": "Direct",
		  "road": true,
		  "guardEscape": false,
		  "guardValue": 18000,
		  "guardWeeklyIncrement": 0.2
		},
		{
		  "name": "Alt-Spawn-D-to-Treasure-3",
		  "from": "Spawn-D",
		  "to": "Treasure-3",
		  "connectionType": "Direct",
		  "road": true,
		  "guardEscape": false,
		  "guardValue": 24000,
		  "rules": [
				  {
					"type": "connection",
					"args": [ "Spawn-D-to-Treasure-3" ],
					"targetMin": 0.5,
					"targetMax": 0.7
				  }
				],
		  "guardWeeklyIncrement": 0.2
		},
		{
		  "name": "Spawn-D-to-Treasure-4",
		  "from": "Spawn-D",
		  "to": "Treasure-4",
		  "connectionType": "Direct",
		  "road": true,
		  "guardEscape": false,
		  "guardValue": 18000,
		  "guardWeeklyIncrement": 0.2
		},
		{
		  "name": "Treasure-1-to-Treasure-2",
		  "from": "Treasure-1",
		  "to": "Treasure-2",
		  "connectionType": "Direct",
		  "road": true,
		  "guardEscape": false,
		  "guardValue": 12000,
		  "guardWeeklyIncrement": 0.3
		},
		{
		  "name": "Alt-Treasure-1-to-Treasure-2",
		  "from": "Treasure-1",
		  "to": "Treasure-2",
		  "connectionType": "Direct",
		  "road": true,
		  "guardEscape": false,
		  "guardValue": 15000,
		  "rules": [
				  {
					"type": "connection",
					"args": [ "Treasure-1-to-Treasure-2" ],
					"targetMin": 0.5,
					"targetMax": 0.7
				  }
				],
		  "guardWeeklyIncrement": 0.3
		},
		{
		  "name": "Sneak-Treasure-1-to-Spawn-B",
		  "connectionType": "Portal",
		  "from": "Treasure-1",
		  "to": "Spawn-B",
		  "road": false,
		  "guardEscape": false,
		  "guardValue": 12000,
		  "rules": [
				  {
					"type": "Road",
					"args": [ ],
					"targetMin": 0.7,
					"targetMax": 0.9
				  },
				  {
					"type": "MainObject",
					"args": [ "0" ],
					"targetMin": 0.7,
					"targetMax": 0.9
				  }
				  
				],
		  "guardWeeklyIncrement": 0.3
		},
		{
		  "name": "Treasure-2-to-Treasure-3",
		  "from": "Treasure-2",
		  "to": "Treasure-3",
		  "connectionType": "Direct",
		  "road": true,
		  "guardEscape": false,
		  "guardValue": 20000,
		  "guardWeeklyIncrement": 0.4
		},
		{
		  "name": "Alt-Treasure-2-to-Treasure-3",
		  "from": "Treasure-2",
		  "to": "Treasure-3",
		  "connectionType": "Direct",
		  "road": true,
		  "guardEscape": false,
		  "guardValue": 25000,
		   "rules": [
				  {
					"type": "connection",
					"args": [ "Treasure-2-to-Treasure-3" ],
					"targetMin": 0.5,
					"targetMax": 0.7
				  }
				],
		  "guardWeeklyIncrement": 0.4
		},
		{
		  "name": "Sneak-Treasure-2-to-Spawn-C",
		  "connectionType": "Portal",
		  "from": "Treasure-2",
		  "to": "Spawn-C",
		  "road": false,
		  "guardEscape": false,
		  "guardValue": 12000,
		  "rules": [
				  {
					"type": "Road",
					"args": [ ],
					"targetMin": 0.7,
					"targetMax": 0.9
				  },
				  {
					"type": "MainObject",
					"args": [ "0" ],
					"targetMin": 0.7,
					"targetMax": 0.9
				  }
				  
				],
		  "guardWeeklyIncrement": 0.3
		},
		{
		  "name": "Treasure-3-to-Treasure-4",
		  "from": "Treasure-3",
		  "to": "Treasure-4",
		  "connectionType": "Direct",
		  "road": true,
		  "guardEscape": false,
		  "guardValue": 30000,
		  "guardWeeklyIncrement": 0.45
		},
		{
		  "name": "Alt-Treasure-3-to-Treasure-4",
		  "from": "Treasure-3",
		  "to": "Treasure-4",
		  "connectionType": "Direct",
		  "road": true,
		  "guardEscape": false,
		  "guardValue": 36000,
		  "rules": [
				  {
					"type": "connection",
					"args": [ "Treasure-3-to-Treasure-4" ],
					"targetMin": 0.5,
					"targetMax": 0.7
				  }
				],
		  "guardWeeklyIncrement": 0.45
		},
		{
		  "name": "Sneak-Treasure-3-to-Spawn-D",
		  "connectionType": "Portal",
		  "from": "Treasure-3",
		  "to": "Spawn-D",
		  "road": false,
		  "guardEscape": false,
		  "guardValue": 12000,
		  "rules": [
				  {
					"type": "Road",
					"args": [ ],
					"targetMin": 0.7,
					"targetMax": 0.9
				  },
				  
				  {
					"type": "MainObject",
					"args": [ "0" ],
					"targetMin": 0.7,
					"targetMax": 0.9
				  }
				  
				],
		  "guardWeeklyIncrement": 0.3
		},
		{
		  "from": "Treasure-1",
		  "to": "Treasure-2",
		  "connectionType": "Proximity",
		  "length": 0.25
		},
		{
		  "from": "Treasure-2",
		  "to": "Treasure-3",
		  "connectionType": "Proximity",
		  "length": 0.25
		},
		{
		  "from": "Treasure-3",
		  "to": "Treasure-4",
		  "connectionType": "Proximity",
		  "length": 0.25
		}
		


	]
	}
],
	"zoneLayouts": 
	[
		{
			"name": "zone_layout_center",

			"obstaclesFill": 0.3,
			"obstaclesFillVoid": 0.64,
			"lakesFill": 0.2,
			"elevationClusterScale": 0.16,
			"elevationModes": [
				{ "weight": 2, "minElevatedFraction": 0.2, "maxElevatedFraction": 0.4 },
				{ "weight": 1, "minElevatedFraction": 0.6, "maxElevatedFraction": 0.8 }
			],
			"roadClusterArea": 160,

			"guardedEncounterResourceFractions": 
			{
				"countBounds" : [],
				"fractions": [ 0.4 ]
			},

			"ambientPickupDistribution": 
			{  
				"repulsion": 1.0,
				"noise": 0.3,
				"roadAttraction": 0.7,
				"obstacleAttraction": 0.3,
				"groupSizeWeights": [ 6, 1, 1 ]
			}
		},

		{
			"name": "zone_layout_sides",

			"obstaclesFill": 0.4,
			"obstaclesFillVoid": 0.7,
			"lakesFill": 0.3,
			"elevationClusterScale": 0.16,
			"elevationModes": [
				{ "weight": 2, "minElevatedFraction": 0.2, "maxElevatedFraction": 0.4 },
				{ "weight": 1, "minElevatedFraction": 0.6, "maxElevatedFraction": 0.8 }
			],
			"roadClusterArea": 160,

			"guardedEncounterResourceFractions": 
			{
				"countBounds" : [],
				"fractions": [ 0.7 ]
			},

			"ambientPickupDistribution": 
			{  
				"repulsion": 1.0,
				"noise": 0.4,
				"roadAttraction": 0.7,
				"obstacleAttraction": 0.2,
				"groupSizeWeights": [ 6, 2, 1 ]
			}
		},
		
		{
			"name": "zone_layout_spawns",

			"obstaclesFill": 0.3,
			"obstaclesFillVoid": 0.55,
			"lakesFill": 0.2,
			"elevationClusterScale": 0.16,
			"elevationModes": [
				{ "weight": 2, "minElevatedFraction": 0.2, "maxElevatedFraction": 0.4 },
				{ "weight": 1, "minElevatedFraction": 0.6, "maxElevatedFraction": 0.8 }
			],
			"roadClusterArea": 160,

			"guardedEncounterResourceFractions": 
			{
				"countBounds" : [],
				"fractions": [ 0.4 ]
			},

			"ambientPickupDistribution": 
			{  
				"repulsion": 0.9,
				"noise": 0.3,
				"roadAttraction": 1.0,
				"obstacleAttraction": 0.3,
				"groupSizeWeights": [ 6, 2, 1 ]
			}

		}
	],"mandatoryContent": 
	[
		{
			"name": "mandatory_content_spawn",
			"content":
			[
				{
					"sid": "watchtower",
					"isGuarded": false,
					"rules":  [ { "type": "MainObject", "args": [ "0" ],  "targetMin": 0.05, "targetMax": 0.15, "weight": 1 }, { "type": "Road", "args": [ ],  "targetMin": 0.05, "targetMax": 0.15, "weight": 1 } ]
				},
				{
					"sid": "mine_wood",
					"isMine": true,
					"isGuarded": true,
					"rules":  [ { "type": "Road", "args": [ ], "targetMin": 0.15, "targetMax": 0.30, "weight": 1 } ]
				},
				{
					"sid": "mine_ore",
					"isMine": true,
					"isGuarded": true,
					"rules":  [ { "type": "Road", "args": [ ], "targetMin": 0.15, "targetMax": 0.30, "weight": 1 } ]
				},
				{
					"sid": "stables",
					"isGuarded": false,
					"rules":  [ { "type": "Road", "args": [ ], "targetMin": 0.15, "targetMax": 0.30, "weight": 1 } ]
				},
				{
					"sid": "mana_well",
					"isGuarded": false,
					"rules":  [ { "type": "Road", "args": [ ], "targetMin": 0.15, "targetMax": 0.30, "weight": 1 } ]
				},
				{   
					"name": "fountain_spawn",
					"sid": "fountain",
					"isGuarded": false,
					"rules":  [ { "type": "Road", "args": [ ], "targetMin": 0.25, "targetMax": 0.5, "weight": 1 } ]
				}
				

			]
		},
		
		{
			"name": "mandatory_content_treasure_1",
			"content":
			[
				{
					"sid": "mine_gemstones",
					"isMine": true,
					"isGuarded": true
				},
				{
					"sid": "mine_crystals",
					"isMine": true,
					"isGuarded": true
				},
				{
					"sid": "mine_mercury",
					"isMine": true,
					"isGuarded": true
				},
				{
					"sid": "mine_gold",
					"isMine": true,
					"isGuarded": true
				},
				{   
					"name": "fountain_treasure",
					"sid": "fountain",
					"isGuarded": false,
					"rules":  [ { "type": "Road", "args": [ ], "targetMin": 0.25, "targetMax": 0.5, "weight": 1 } ]
				},
				{
					"includeLists": 	[ "basic_content_list_building_guarded_resource_banks_tier_3" ]
					
				}
			]
		},
		{
			"name": "mandatory_content_treasure_2",
			"content":
			[
				{
					"sid": "mine_gemstones",
					"isMine": true,
					"isGuarded": true
				},
				{
					"sid": "mine_crystals",
					"isMine": true,
					"isGuarded": true
				},
				{
					"sid": "mine_mercury",
					"isMine": true,
					"isGuarded": true
				},
				{
					"sid": "mine_gold",
					"isMine": true,
					"isGuarded": true
				},
				{   
					"name": "fountain_treasure",
					"sid": "fountain",
					"isGuarded": false,
					"rules":  [ { "type": "Road", "args": [ ], "targetMin": 0.3, "targetMax": 0.6, "weight": 1 } ]
				},
				{
					"includeLists": 	[ "basic_content_list_building_guarded_resource_banks_tier_3" ]
					
				},
				{
					"sid": "college_of_wonder"
				}
			]
		},
		{
			"name": "mandatory_content_treasure_3",
			"content":
			[
				{
					"sid": "mine_gemstones",
					"isMine": true,
					"isGuarded": true
				},
				{
					"sid": "mine_crystals",
					"isMine": true,
					"isGuarded": true
				},
				{
					"sid": "mine_mercury",
					"isMine": true,
					"isGuarded": true
				},
				{
					"sid": "mine_gold",
					"isMine": true,
					"isGuarded": true
				},
				{
					"sid": "alchemy_lab",
					"isMine": true
				},
				{   
					"name": "fountain_treasure",
					"sid": "fountain",
					"isGuarded": false,
					"rules":  [ { "type": "Road", "args": [ ], "targetMin": 0.3, "targetMax": 0.6, "weight": 1 } ]
				},
				{
					"includeLists": 	[ "basic_content_list_building_guarded_resource_banks_tier_3" ]
					
				},
				{
					"includeLists": 	[ "basic_content_list_building_guarded_resource_banks_tier_3" ]
					
				},
				{
					"sid": "college_of_wonder"
				}
			]
		}
		,
		{
			"name": "mandatory_content_supertreasure",
			"content":
			[

				{
					"sid": "mine_gemstones",
					"isMine": true,
					"isGuarded": true
				},
				{
					"sid": "mine_crystals",
					"isMine": true,
					"isGuarded": true
				},
				{
					"sid": "mine_mercury",
					"isMine": true,
					"isGuarded": true
				},
				{
					"sid": "mine_gold",
					"isMine": true,
					"isGuarded": true
				},
				{
					"sid": "alchemy_lab",
					"isMine": true
				},
				{
					"includeLists": 	[ "basic_content_list_building_guarded_resource_banks_tier_3" ]
					
				},
				{
					"includeLists": 	[ "basic_content_list_building_guarded_resource_banks_tier_3" ]
					
				},
				{
					"includeLists": 	[ "basic_content_list_building_guarded_resource_banks_tier_3" ]
					
				},
				{
					"sid": "college_of_wonder"
				}
				
				
			]
		}
	],
		"contentCountLimits":
		[
			{
			"name": "content_limits_spawn",
			"limits":
			[
				{
					"sid": "sacrificial_shrine",
					"variant": -1,
					"maxCount": 1
				},
				{
					"includeLists": 	[ "basic_content_list_building_guarded_resource_banks_tier_3" ],
					"maxCount": 0
				},
				{ 	"sid": "college_of_wonder",
					"maxCount": 0
				}
				
				
			]
		},
		
		{
			"name": "content_limits_treasure",
			"limits":
			[
				{
					"sid": "sacrificial_shrine",
					"variant": -1,
					"maxCount": 1
				},
				{
					"sid": "chimerologist",
					"variant": -1,
					"maxCount": 1
				}

				
				
			]
		},
		{
			"name": "content_limits_supertreasure",
			"limits":
			[
				
				{
					"sid": "chimerologist",
					"variant": -1,
					"maxCount": 1
				}
				
			]
		}
	],
	"contentPools": 
	[

	],
	"contentLists": 
	[

	]
}